{
    "titulo": "Modelos disponibles en concesionarios BMW",
    "descripcion": "Json para proyecto final UD1 de Jaume",
    "data_inici": "13-11-2023",
    "data_fi": "1-01-2023",
    "modelosBMW": [
      {
        "id": 1,
        "nombre": "Serie 3",
        "tipo": "Sedán",
        "año": 2023,
        "precio": 50000
      },
      {
        "id": 2,
        "nombre": "X5",
        "tipo": "SUV",
        "año": 2023,
        "precio": 65000
      },
      {
        "id": 3,
        "nombre": "i8",
        "tipo": "Deportivo",
        "año": 2023,
        "precio": 140000
      }
    ],
    "concesionariosBMW": [
      {
        "id": 101,
        "nombre": "BMW Maberauto",
        "ubicacion": "Castellón",
        "telefono": "123-456-7890",
        "modelosDisponibles": [1, 2]
      },
      {
        "id": 102,
        "nombre": "BMW Bertolín",
        "ubicacion": "Valencia",
        "telefono": "987-654-3210",
        "modelosDisponibles": [2, 3]
      }
    ]
  }

