{
  "$schema": "http://json-schema.org/draft-07/schema#",
  "title": "Información de modelos y concesionarios BMW",
  "description": "Esquema JSON para modelos y concesionarios de BMW",
  "type": "object",
  "properties": {
    "titulo": { "type": "string" },
    "descripcion": { "type": "string" },
    "data_inici": { "type": "string", "format": "date" },
    "data_fi": { "type": "string", "format": "date" },
    "modelosBMW": {
      "type": "array",
      "items": {
        "type": "object",
        "properties": {
          "id": { "type": "integer" },
          "nombre": { "type": "string" },
          "tipo": { "type": "string" },
          "año": { "type": "integer" },
          "precio": { "type": "number" }
        },
        "required": ["id", "nombre", "tipo", "año", "precio"]
      }
    },
    "concesionariosBMW": {
      "type": "array",
      "items": {
        "type": "object",
        "properties": {
          "id": { "type": "integer" },
          "nombre": { "type": "string" },
          "ubicacion": { "type": "string" },
          "telefono": { "type": "string" },
          "modelosDisponibles": {
            "type": "array",
            "items": { "type": "integer" }
          }
        },
        "required": ["id", "nombre", "ubicacion", "telefono", "modelosDisponibles"]
      }
    }
  },
  "required": ["titulo", "descripcion", "data_inici", "data_fi", "modelosBMW", "concesionariosBMW"]
}
