<?xml version="1.0" encoding="UTF-8"?>
<rss version="2.0">
  <channel>
    <title>DARIO RATA RSS BMWS</title>
    <link>D:\SUPERIOR\2dam\jaume\lecturasax\proyectoFinalPrimeraAvaluacion\src\main\resources\web\index.html</link>
    <description>PROYECTO PRIMERA AVALUACION</description>
    <item>
      <title>Serie 3</title>
      <description>Tipo: Sedán, Año: 2023, Precio: 50000</description>
    </item>
    <item>
      <title>X5</title>
      <description>Tipo: SUV, Año: 2023, Precio: 65000</description>
    </item>
    <item>
      <title>i8</title>
      <description>Tipo: Deportivo, Año: 2023, Precio: 140000</description>
    </item>
  </channel>
</rss>
